{
    "S1": {
        "A1": 49.99867193005562,
        "A2": 45.99867193005562,
        "A3": 46.99867193005562,
        "A4": 47.99867193005562,
        "A5": 41.99867193005562
    },
    "S2": {
        "A1": 45.99867193005562,
        "A2": 49.99867193005562,
        "A3": 46.99867193005562,
        "A4": 46.99867193005562,
        "A5": 42.99867193005562
    },
    "S3": {
        "A1": 44.99867193005562,
        "A2": 45.99867193005562,
        "A3": 49.99867193005562,
        "A4": 46.99867193005562,
        "A5": 43.99867193005562
    },
    "S4": {
        "A1": 45.99867193005562,
        "A2": 44.99867193005562,
        "A3": 45.99867193005562,
        "A4": 48.99867193005562,
        "A5": 45.99867193005562
    },
    "S5": {
        "A1": 42.99867193005562,
        "A2": 42.99867193005562,
        "A3": 42.99867193005562,
        "A4": 43.99867193005562,
        "A5": 49.99867193005562
    }
}